Open,High,Low,Close,Volume,Future_Close,Pct_Change,Target
46216.93,46731.39,46208.37,46656.13,1503.33095,46871.08,0.4607111648565888,C
46656.14,46949.99,46574.06,46778.14,943.81539,46758.87,-0.0411944553588424,C
46778.14,46928.94,46721.96,46811.77,485.1686,47074.05,0.5602864407818934,C
46811.77,46916.63,46760.12,46813.2,562.88971,47023.24,0.44867686891731584,C
46813.21,46887.33,46591.23,46711.05,861.88389,46926.22,0.46064046943924025,C
46711.05,47555.55,46673.94,47192.55,1400.73642,47219.04,0.05613174113286517,C
47192.56,47324.42,46940.0,46979.62,613.97776,47268.62,0.6151603610246315,C
46979.61,47255.85,46864.84,47194.73,646.20081,47754.48,1.1860434417147845,C
47194.73,47344.69,47075.11,47124.82,532.44767,47560.55,0.9246295264363942,C
47124.82,47215.56,46933.58,47143.98,541.32491,47329.78,0.39411182509409604,C
47143.98,47298.75,46715.39,46871.08,923.0176,47391.82,1.111004909637239,C
46871.09,47007.73,46756.77,46758.87,732.88793,47319.67,1.1993446377125787,C
46758.87,47150.48,46756.3,47074.05,582.15009,47440.74,0.7789642063939581,C
47074.05,47199.67,46935.09,47023.24,454.14412,47722.65,1.4873709255253436,C
47023.24,47100.0,46850.18,46926.22,503.66220000000004,47625.3,1.4897428346029187,C
46920.01,47491.14,46871.69,47219.04,1515.95305,47377.97,0.3365803286132041,C
47219.04,47527.24,47186.07,47268.62,1049.57919,47370.5,0.21553411121373414,C
47268.61,47954.63,47238.81,47754.48,1320.66577,47329.47,-0.8899897978158322,C
47754.47,47844.97,47420.0,47560.55,860.76025,46910.3,-1.3672045424201358,C
47560.54,47611.84,47292.72,47329.78,830.6716,47081.28,-0.5250394149307265,C
47329.79,47559.03,47250.18,47391.82,717.20792,47122.61,-0.5680516173466205,C
47391.82,47573.05,47268.79,47319.67,809.21927,47173.45,-0.3090046908611179,C
47319.66,47490.98,47222.22,47440.74,466.47861,47222.4,-0.46023734031129476,C
47440.74,47814.0,47277.77,47722.65,746.28954,47273.24,-0.9417121639305519,C
47722.66,47750.0,47381.12,47625.3,1082.50817,47188.89,-0.9163406844681365,C
47625.29,47641.83,47315.38,47377.97,465.7536,47235.5,-0.30070938033014327,C
47377.97,47449.56,47275.5,47370.5,452.39245,47292.95,-0.1637094816394231,C
47370.49,47467.11,47269.47,47329.47,387.25302,47137.35,-0.4059204550568654,C
47329.47,47415.73,46770.23,46910.3,1259.6882,47112.55,0.43114198800689824,C
46910.3,47089.63,46832.08,47081.28,686.20377,47340.47,0.5505160437439304,C
47081.28,47244.0,47011.24,47122.61,528.20197,47792.3,1.42116491425242,C
47122.6,47300.0,47087.62,47173.45,544.37433,47401.14,0.4826655671781529,C
47173.44,47247.12,46970.05,47222.4,578.28603,47058.12,-0.3478857491360008,C
47222.4,47499.45,47144.12,47273.24,792.44368,46907.68,-0.7732916127601952,C
47273.23,47348.34,47140.3,47188.89,390.08901000000003,47007.14,-0.3851542174439789,C
47188.88,47400.0,47159.57,47235.5,359.02993,47018.03,-0.46039525356988104,C
47238.89,47447.0,47013.5,47292.95,798.05773,47255.38,-0.07944101604996033,C
47289.67,47300.86,47090.0,47137.35,580.44121,47286.18,0.3157368838087032,C
47137.35,47202.39,47020.0,47112.55,617.66611,47050.08,-0.13259736524556867,C
47112.54,47390.0,47071.27,47340.47,784.16369,47116.71,-0.4726611290508988,C
47340.47,47886.0,47273.64,47792.3,1367.5695,46999.98,-1.6578402797103293,C
47792.29,47990.0,47317.46,47401.14,1440.59237,46793.26,-1.2824164144575372,C
47401.14,47401.14,46654.0,47058.12,1852.33799,46822.26,-0.5012099930893978,C
47056.43,47217.1,46851.51,46907.68,937.38607,47078.64,0.3644605744730908,C
46907.67,47050.0,46815.17,47007.14,570.22257,46923.75,-0.17739858242811501,C
47007.14,47187.98,46913.27,47018.03,432.59568,47051.37,0.07090896832556316,C
47017.98,47398.99,47014.84,47255.38,683.72196,46978.82,-0.585245531831503,C
47255.39,47469.34,47255.38,47286.18,749.48136,46984.55,-0.6378819350600903,C
47286.18,47289.11,47050.0,47050.08,734.11794,47126.02,0.16140248858236808,C
47050.09,47138.78,46950.0,47116.71,628.0558,47378.0,0.5545590937907185,C
47116.22,47116.71,46858.44,46999.98,781.70714,47194.39,0.4136384738887042,C
46999.98,47084.8,46722.39,46793.26,850.43854,47153.5,0.7698544619460109,C
46793.27,46944.77,46750.0,46822.26,688.49875,46874.53,0.11163493603255545,C
46822.26,47211.09,46750.13,47078.64,918.62173,46693.45,-0.8181842126280673,C
47078.64,47100.0,46877.84,46923.75,596.63069,46482.34,-0.9406963424705048,C
46923.75,47080.0,46852.38,47051.37,635.22586,46577.15,-1.0078771351397444,C
47051.36,47135.97,46922.27,46978.82,684.64114,46472.73,-1.0772726943758837,C
46978.81,47109.25,46778.0,46984.55,987.07117,46360.01,-1.3292454647325576,C
46984.56,47251.19,46981.84,47126.02,1138.98932,45922.0,-2.5548943025530204,B
47126.02,47431.67,47125.48,47378.0,1451.6891,45979.01,-2.952826206256064,B
47378.0,47570.0,47175.01,47194.39,1183.63545,46217.9,-2.069080668274339,B
47194.39,47495.96,47127.51,47153.5,813.8378299999999,46446.1,-1.5002067715015883,C
47153.5,47285.39,46765.0,46874.53,1711.43,46244.37,-1.3443548127309142,C
46874.53,47018.0,46575.25,46693.45,1754.81723,46054.99,-1.3673438137468943,C
46693.44,46780.0,46263.29,46482.34,3415.75302,46103.36,-0.8153203991021019,C
46482.34,46790.0,46411.78,46577.15,1121.75227,46313.97,-0.5650410125995263,C
46577.16,46740.96,46412.99,46472.73,662.25,46100.14,-0.8017389983330089,C
46475.6,46645.34,46360.0,46360.01,661.7066,46151.66,-0.4494175044397068,C
46360.01,46413.47,45696.0,45922.0,3127.50381,46367.53,0.9701885806367293,C
45922.01,46260.44,45811.87,45979.01,1055.66747,46550.0,1.2418492699168555,C
45979.01,46439.97,45961.59,46217.9,1002.70049,46489.73,0.5881487475631773,C
46217.91,46576.94,46170.64,46446.1,1055.33575,46356.21,-0.19353616342383842,C
46446.1,46549.19,46150.0,46244.37,1055.75335,46625.37,0.8238840749695584,C
46244.37,46404.94,46040.79,46054.99,771.65428,46733.77,1.4738468079137546,C
46054.99,46268.72,45934.5,46103.36,1021.46917,46641.53,1.1673118835590253,C
46103.36,46383.77,46001.23,46313.97,755.88587,46955.22,1.38457143708475,C
46313.96,46411.12,45996.26,46100.14,2070.6589,47333.38,2.675132873783025,D
46100.14,46292.15,46016.24,46151.66,869.60169,46925.35,1.6764077391799015,C
46148.23,46390.04,46058.51,46367.53,1240.05303,46767.27,0.8621119132289298,C
46367.53,46600.21,46322.09,46550.0,1554.0381,46555.01,0.010762620837813184,C
46549.99,46682.06,46385.61,46489.73,1316.31063,45750.0,-1.591168630146923,C
46489.72,46599.53,46300.0,46356.21,856.18802,46052.36,-0.6554677356065101,C
46356.21,46772.41,46300.0,46625.37,1162.38531,46264.92,-0.7730769750459983,C
46625.37,46765.05,46616.46,46733.77,1351.64824,46221.89,-1.095310735684276,C
46733.78,46763.0,46479.25,46641.53,897.32283,46159.91,-1.0325990592504048,C
46641.52,47069.01,46410.0,46955.22,1511.87787,45832.01,-2.3920876102806012,B
46955.22,47500.1,46805.54,47333.38,3051.43768,46271.57,-2.243258351717113,B
47336.98,47557.54,46850.05,46925.35,2605.26496,46111.5,-1.7343504097465414,C
46925.34,46925.35,46650.0,46767.27,1774.71297,46296.95,-1.0056605827109424,C
46767.28,46984.99,46522.91,46555.01,782.53703,46422.55,-0.28452362055125563,C
46555.0,46719.78,45500.0,45750.0,4580.4104099999995,46414.47,1.4523934426229532,C
45750.01,46454.86,45580.99,46052.36,2717.79608,46302.8,0.5438157783879096,C
46052.35,46428.27,45957.52,46264.92,1111.32358,46450.0,0.40004392096647257,C
46264.92,46322.89,46026.75,46221.89,713.51555,46407.51,0.4015846171586722,C
46221.89,46262.39,45977.78,46159.91,671.3149999999999,46642.07,1.0445427644897838,C
46159.91,46159.91,45760.05,45832.01,1048.25305,46858.94,2.240639238820205,D
45832.01,46298.56,45722.21,46271.57,1006.79621,46818.5,1.1820000920651714,C
46271.56,46333.22,46111.5,46111.5,726.20925,46270.99,0.34587901065894183,C
46111.5,46390.15,46111.5,46296.95,639.23432,46229.99,-0.14463155780240197,C
46296.96,46549.0,46296.95,46422.55,662.4009100000001,46440.01,0.03761103170764882,C
46422.56,46527.39,46350.65,46414.47,508.72042,46689.52,0.5925953695043715,C
46419.0,46419.0,46246.01,46302.8,494.64292,46622.53,0.6905197957790801,C
46302.79,46466.65,46251.1,46450.0,608.83518,46301.62,-0.3194402583422979,C
46450.0,46490.2,46333.78,46407.51,572.8358,46010.72,-0.8550124753515128,C
46407.5,46681.61,46250.49,46642.07,961.44434,45919.92,-1.5482803400449454,C
46636.78,46949.0,46575.01,46858.94,1536.64847,44685.93,-4.637343482374979,B
46858.93,47070.0,46697.79,46818.5,1629.77569,43967.01,-6.090519773166586,A
46818.5,46869.25,46110.0,46270.99,1495.93677,43606.37,-5.758727012324559,A
46271.0,46348.2,45803.67,46229.99,1882.06245,43437.05,-6.041402994030488,A
46229.99,46466.66,46112.59,46440.01,1021.81875,43451.13,-6.436002059431091,A
46440.0,46822.17,46150.35,46689.52,1923.9871699999999,43680.94,-6.443801521197893,A
46689.52,46822.16,46368.63,46622.53,1228.3942,43542.69,-6.605904913354116,A
46622.53,46674.37,46282.05,46301.62,1014.13701,43259.54,-6.5701372867731225,A
46301.62,46469.66,46001.0,46010.72,1192.45603,42835.0,-6.9021306339044495,A
46010.72,46365.68,45550.0,45919.92,3668.50105,43029.73,-6.29397873515458,A
45919.93,46118.85,44500.0,44685.93,7383.66525,43050.01,-3.6609286189187475,B
44685.93,44847.99,43722.54,43967.01,8054.81116,43102.28,-1.9667700851160974,C
43967.01,44331.42,43422.54,43606.37,3844.19955,43245.25,-0.8281358893207633,C
43602.49,43815.2,42500.0,43437.05,6856.6407,43055.41,-0.8786047855459783,C
43437.04,43709.12,43212.0,43451.13,2869.96497,42597.87,-1.9637233830282315,C
43451.14,43772.41,43261.62,43680.94,2221.24911,42878.88,-1.8361784338890255,C
43680.94,43816.0,43306.48,43542.69,1908.16444,42878.34,-1.5257440456710547,C
43542.69,43618.34,43150.05,43259.54,1450.03547,43062.76,-0.4548823219109562,C
43259.55,43310.69,42803.37,42835.0,2327.84721,43150.01,0.7354032917007168,C
42835.0,43159.17,42600.05,43029.73,3057.2784,42805.5,-0.5211048268255534,C
43029.73,43246.37,42800.0,43050.01,1649.15193,42950.01,-0.23228798320836627,C
43050.0,43231.85,42902.65,43102.28,1265.54726,42882.22,-0.5105530380295373,C
43102.28,43275.8,42987.73,43245.25,1176.4133199999999,43005.29,-0.5548817500187861,C
43245.26,43273.87,42900.0,43055.41,1527.52833,43369.04,0.7284334303168809,C
43055.42,43089.86,42430.58,42597.87,2907.67194,43438.1,1.9724695154945442,C
42597.87,42960.0,42568.22,42878.88,1969.46675,43221.5,0.799041392872208,C
42878.87,42974.21,42677.28,42878.34,1347.12718,43120.64,0.565087174550141,C
42878.33,43077.0,42632.44,43062.76,1642.32739,43180.97,0.27450632518677187,C
43062.77,43200.0,42900.0,43150.01,1886.14994,43082.31,-0.15689451752155878,C
43150.0,43267.09,42761.9,42805.5,2175.95621,42788.15,-0.04053217460372743,C
42805.5,43019.71,42666.0,42950.01,1709.80241,43008.9,0.13711289007848756,C
42950.02,43131.76,42725.09,42882.22,1684.4855499999999,42799.13,-0.19376328930732545,C
42882.23,43175.66,42790.89,43005.29,1218.07748,41803.11,-2.795423539755226,B
43005.3,43400.0,42982.05,43369.04,1267.01944,41700.33,-3.847698727018166,B
43369.04,43508.78,43224.73,43438.1,1330.94921,41851.33,-3.6529452255047916,B
43438.11,43581.3,43111.57,43221.5,1292.4114,41529.14,-3.915551288132065,B
43221.5,43253.29,43066.04,43120.64,779.82229,41706.71,-3.2790097735098556,B
43120.63,43236.73,43007.81,43180.97,528.19132,42088.61,-2.529725478607823,B
43180.96,43241.41,43053.94,43082.31,557.69907,42422.56,-1.5313709965876947,C
43082.3,43145.83,42738.0,42788.15,1388.76561,42172.83,-1.4380617063369172,C
42788.15,43030.5,42785.56,43008.9,699.84938,42258.62,-1.7444761433098703,C
43008.9,43030.0,42771.59,42799.13,747.90157,42400.0,-0.9325656853305134,C
42799.12,42827.07,41577.77,41803.11,6273.84627,41489.22,-0.7508771476571944,C
41803.11,41909.23,41000.0,41700.33,6290.72537,41894.4,0.46539200049495943,C
41700.33,41950.0,41524.94,41851.33,2331.60741,41319.11,-1.2716919629555408,C
41851.33,41853.19,41409.95,41529.14,1875.03696,42135.26,1.4595053015786088,C
41529.15,41731.36,41206.9,41706.71,2325.13466,41993.48,0.6875872011961722,C
41706.71,42883.47,41607.5,42088.61,3719.93086,41707.64,-0.9051617527877522,C
42088.61,42628.34,42060.0,42422.56,1591.9884,41775.38,-1.52555621348641,C
42422.57,42533.43,42168.0,42172.83,1278.56313,41922.2,-0.5942925812661959,C
42172.84,42350.73,42161.0,42258.62,1036.72745,41875.01,-0.9077674566751128,C
42258.62,42500.0,42258.62,42400.0,975.52441,41541.82,-2.0240094339622647,B
42400.0,42766.17,41200.0,41489.22,5136.68431,41566.48,0.1862170462592501,C
41489.19,42132.98,41398.13,41894.4,2577.29371,41991.89,0.23270413229452613,C
41894.4,41915.36,40610.0,41319.11,5256.5439400000005,41883.41,1.365711894568888,C
41310.85,42315.85,40917.66,42135.26,4909.62675,41882.85,-0.5990469739595851,C
42137.38,42166.86,41749.06,41993.48,1186.96985,41810.91,-0.4347579671891915,C
41993.68,42000.0,41520.0,41707.64,880.73461,41900.92,0.46341629495219305,C
41707.04,41898.33,41516.0,41775.38,893.4115,41971.7,0.4699418652804588,C
41775.38,42054.0,41597.15,41922.2,1109.53468,41922.23,7.156112991711267E-5,C
41922.19,42035.0,41845.46,41875.01,596.35057,41913.58,0.09210744069075974,C
41875.0,41879.42,41350.0,41541.82,973.4074,41964.88,1.0183954386206424,C
41541.83,41599.92,41336.82,41566.48,780.34938,42163.71,1.4368067731498937,C
41566.48,42115.2,41558.0,41991.89,1244.69199,41918.66,-0.17439081689344282,C
41991.89,42246.37,41847.48,41883.41,1168.11943,41940.22,0.1356384305862337,C
41883.42,41944.44,41693.42,41882.85,623.26458,41876.31,-0.015614983221057959,C
41882.86,41911.86,41641.27,41810.91,510.16918000000004,41905.0,0.22503695805711116,C
41810.92,41991.2,41760.0,41900.92,471.07045,41741.27,-0.38101788695809413,C
41900.92,41999.99,41836.14,41971.7,517.64026,41613.33,-0.8538372284181851,C
41971.7,41994.66,41739.0,41922.23,625.30663,41346.01,-1.374497492142,C
41922.22,41975.44,41841.04,41913.58,521.47279,40842.12,-2.5563552433364056,B
41913.59,42177.94,41882.19,41964.88,947.1604,40679.82,-3.0622272719473944,B
41964.87,42187.2,41954.7,42163.71,860.34897,40831.07,-3.1606326862602923,B
42163.71,42200.0,41790.7,41918.66,839.11518,40975.37,-2.250286626528617,B
41918.66,41972.0,41767.16,41940.22,674.67737,41769.03,-0.4081762088992436,C
41940.22,42063.23,41773.47,41876.31,744.96865,41911.11,0.08310187788752857,C
41876.32,42037.75,41610.0,41905.0,1003.98627,41679.74,-0.5375492184703545,C
41904.99,41997.71,41715.0,41741.27,709.21182,41773.24,0.07659086558698662,C
41746.29,41799.04,41400.0,41613.33,1713.01211,41809.67,0.47181996730373776,C
41609.6,41740.53,41238.08,41346.01,1715.07063,42098.99,1.8211672662005254,C
41346.02,41398.45,40801.0,40842.12,3416.24626,41833.89,2.42830195886011,D
40842.11,41314.11,40501.0,40679.82,4373.31437,42079.41,3.440501949123678,D
40679.82,41100.0,40520.0,40831.07,3045.11478,41765.9,2.289506495911084,D
40831.06,41175.32,40720.0,40975.37,1424.80734,41873.62,2.1921705649027694,D
40975.36,42061.32,40923.39,41769.03,2802.28914,41791.51,0.05381977987040447,C
41769.03,42300.0,41740.31,41911.11,2006.54953,41666.67,-0.5832343738927515,C
41911.1,41948.94,41656.02,41679.74,995.12298,41510.01,-0.40722422932579705,C
41679.74,41831.25,41388.13,41773.24,1485.82226,41644.7,-0.3077089543449368,C
41773.24,41924.57,41596.43,41809.67,883.65676,41857.62,0.11468638714441987,C
41809.66,42170.11,41775.9,42098.99,1140.15501,41746.98,-0.8361483256486552,C
42098.99,42105.62,41792.0,41833.89,746.09555,41470.0,-0.8698449988753123,C
41833.9,42103.31,41800.78,42079.41,884.47963,41535.93,-1.2915580327766079,C
42079.4,42097.44,41715.44,41765.9,594.2152600000001,41621.11,-0.3466703698471741,C
41765.89,41948.4,41681.17,41873.62,566.39155,42143.04,0.6434122485708144,C
41873.62,41908.55,41778.95,41791.51,415.68476,42094.59,0.7252190696148438,C
41791.5,41949.99,41615.32,41666.67,789.93569,41966.99,0.720767942338564,C
41666.66,41766.8,41470.34,41510.01,858.20496,42695.26,2.855335375732263,D
41510.0,41728.65,41410.0,41644.7,705.73465,42439.38,1.9082380230857718,C
41644.7,41990.0,41642.54,41857.62,783.60595,42300.0,1.056868498495608,C
41857.62,41923.39,41665.46,41746.98,553.97717,42205.37,1.0980195453659147,C
41746.98,41894.01,41469.48,41470.0,922.91336,41864.62,0.9515794550277371,C
41470.0,41743.26,41469.99,41535.93,628.73613,41655.18,0.28710083053394975,C
41535.93,41681.89,41200.02,41621.11,1262.20157,41815.32,0.4666141772768653,C
41621.11,42146.25,41556.49,42143.04,1325.34768,41927.71,-0.5109503253680839,C
42143.05,42200.0,41880.01,42094.59,1198.07276,41967.59,-0.3017014775532913,C
42094.48,42279.0,41861.94,41966.99,1271.89519,42187.22,0.5247695867633185,C
41966.99,42740.0,41928.01,42695.26,2007.3352399999999,42031.29,-1.5551375023831713,C
42695.27,42786.7,42368.0,42439.38,1156.7954300000001,41925.01,-1.2120111085505854,C
42439.38,42557.36,42286.67,42300.0,568.89483,42042.38,-0.6090307328605262,C
42300.01,42497.26,42080.01,42205.37,749.07543,41816.84,-0.9205700601606054,C
42205.36,42282.3,41766.43,41864.62,1225.16744,41796.01,-0.16388540013023067,C
41864.62,42037.05,41623.67,41655.18,1083.2151,41778.88,0.2969618664473352,C
41655.18,41850.0,41601.0,41815.32,656.91367,41565.34,-0.5978191724946819,C
41815.32,41997.9,41711.95,41927.71,746.59629,40930.0,-2.379595737520602,B
41927.7,41990.99,41852.49,41967.59,603.35126,40774.0,-2.8440756307426676,B
41967.59,42248.5,41925.61,42187.22,1026.65893,40786.57,-3.320081294761782,B
42187.22,42230.84,41967.11,42031.29,641.96551,40984.33,-2.4909061796580576,B
42031.3,42048.63,41811.7,41925.01,823.59986,41904.4,-0.04915920115463439,C
41925.01,42149.31,41901.0,42042.38,723.8609,41184.45,-2.040631381953163,B
42042.38,42116.61,41712.99,41816.84,997.44685,41604.58,-0.5075945480337462,C
41808.96,41937.41,41710.96,41796.01,709.978,41297.15,-1.1935589066994685,C
41796.01,41986.0,41742.23,41778.88,628.09437,41714.72,-0.15357041644006786,C
41778.88,41793.85,41455.0,41565.34,1756.67489,41714.13,0.35796651729542184,C
41565.33,41616.72,40916.98,40930.0,3223.67692,41604.98,1.6491082335695166,C
40930.01,41057.52,40716.0,40774.0,2678.34877,41822.49,2.571467111394511,D
40774.01,41275.92,39650.0,40786.57,12877.43442,41593.7,1.978911195523422,C
40786.57,41200.0,40555.87,40984.33,3880.93354,41928.82,2.3045149207026148,D
40984.34,41985.99,40850.03,41904.4,4663.47158,42173.77,0.6428203243573355,C
41904.4,42121.63,40564.89,41184.45,5819.36057,42277.98,2.655201174229609,D
41184.44,41723.87,41118.36,41604.58,1816.05456,42304.65,1.6826753208420795,C
41604.58,41698.07,41205.65,41297.15,1358.54117,42110.0,1.9682956329916192,C
41297.15,41779.46,41158.99,41714.72,1245.44049,42105.0,0.9355929993057578,C
41716.81,41985.0,41562.38,41714.13,1365.38265,42211.05,1.191251022135678,C
41714.14,41849.45,41500.0,41604.98,729.88329,41991.78,0.9296963969217041,C
41604.98,41892.87,41503.56,41822.49,672.2866,41984.8,0.38809262671831585,C
41822.49,41878.78,41583.43,41593.7,869.73683,41631.02,0.08972512664177439,C
41593.69,42062.91,41544.64,41928.82,1240.9619,41809.99,-0.28340888200526926,C
41928.82,42400.01,41818.18,42173.77,1875.33837,41812.69,-0.8561719760884419,C
42173.77,42277.99,42056.8,42277.98,948.11009,41701.52,-1.3634993914089706,C
42277.99,42387.78,42123.03,42304.65,1170.50674,41642.0,-1.5663762730574566,C
42304.65,42315.79,42021.71,42110.0,897.6433000000001,41733.93,-0.8930657800997381,C
42110.0,42232.68,41971.37,42105.0,990.30927,42705.24,1.4255789098681817,C
42104.99,42280.0,42069.73,42211.05,824.67137,42549.01,0.8006434334137604,C
42212.21,42627.66,41930.01,41991.78,2197.68722,42755.0,1.8175461959459713,C
41991.78,42148.04,41843.13,41984.8,1058.9429,42972.05,2.3514462376860195,D
41984.79,42066.61,41575.0,41631.02,1544.92365,42800.38,2.808867041931715,D
41631.02,41944.0,41584.86,41809.99,1271.07829,42659.2,2.031117443462673,D
41809.99,41956.45,41722.23,41812.69,946.89068,42713.13,2.1535088988534223,D
41812.7,41899.0,41586.03,41701.52,1163.91865,42729.29,2.4645864227491088,D
41700.74,41823.01,41268.93,41642.0,2261.4602,42675.0,2.4806685557850248,D
41639.51,42200.0,41440.69,41733.93,2972.86186,42626.05,2.1376371695644347,D
41733.92,42925.07,41680.44,42705.24,4848.73177,42559.33,-0.3416676735688553,C
42705.24,43100.0,42319.24,42549.01,4190.85853,42605.02,0.13163643525429794,C
42549.01,42916.97,42353.07,42755.0,1416.65246,42629.9,-0.2925973570342616,C
42754.99,43086.7,42595.68,42972.05,1440.44569,42705.51,-0.620263636479993,C
42972.04,43095.26,42692.19,42800.38,1219.60178,42675.55,-0.29165628903293495,C
42797.62,42823.69,42643.74,42659.2,702.1038,42561.67,-0.2286259470407294,C
42664.71,42776.14,42597.41,42713.13,561.85993,42603.51,-0.25664239544139084,C
42713.12,42886.28,42633.97,42729.29,681.14201,42796.83,0.15806487774545486,C
42729.29,42965.0,42578.02,42675.0,1004.90689,42765.18,0.21131810193321687,C
42675.03,42769.06,42562.2,42626.05,724.93634,42935.92,0.7269498346668184,C
42626.04,42712.29,42450.0,42559.33,725.31326,43285.51,1.7062768610314125,C
42559.34,42679.76,42494.72,42605.02,631.48372,43920.97,3.0887205310548014,D
42605.01,42733.87,42518.97,42629.9,784.28575,43849.54,2.8609966244349607,D
42629.91,42773.64,42560.0,42705.51,652.0021399999999,43560.29,2.001568415878885,D
42705.51,42867.55,42600.01,42675.55,951.67503,43611.02,2.1920514205440678,D
42675.54,42675.55,42463.13,42561.67,948.81146,43841.57,3.0071658372427623,D
42561.66,42717.57,42508.69,42603.51,869.57762,43589.98,2.315466495600952,D
42603.51,42909.92,42565.99,42796.83,1281.02538,43743.11,2.2110983453681,D
42796.84,42990.01,42735.2,42765.18,1451.62564,43819.17,2.4645985355375517,D
42765.18,43443.6,42683.21,42935.92,2646.33241,43773.09,1.9498126510390328,C
42935.92,43301.5,42874.01,43285.51,2409.05723,43842.95,1.287821259354447,C
43285.52,44078.4,43187.6,43920.97,5227.41461,43902.66,-0.041688514620687275,C
43920.96,43957.0,43676.18,43849.54,2481.51783,43720.0,-0.2954192906014541,C
43849.55,43933.0,43401.01,43560.29,2155.48087,43548.57,-0.02690523869331716,C
43560.29,43688.5,43317.0,43611.02,1613.92113,43587.63,-0.05363323306815438,C
43611.03,43867.19,43481.73,43841.57,1161.0812,43509.93,-0.7564510121330039,C
43841.56,43886.26,43567.26,43589.98,1048.28546,43623.02,0.07579723597027022,C
43589.97,43760.94,43526.3,43743.11,778.36522,43662.68,-0.18386895673398687,C
43743.1,43993.66,43629.39,43819.17,1258.22966,43708.42,-0.2527432628230978,C
43819.16,44322.0,43734.55,43773.09,1786.14248,43699.99,-0.16699757773554152,C
43776.6,43948.99,43742.97,43842.95,574.66169,43896.44,0.1220036516703489,C
43842.94,44032.19,43817.35,43902.66,777.15978,43883.0,-0.0447808857139943,C
43902.65,44075.42,43670.0,43720.0,1234.16915,43780.25,0.13780878316559927,C
43720.0,43808.88,43516.92,43548.57,992.52709,43602.31,0.12340244467269065,C
43548.58,43684.28,43534.07,43587.63,615.45639,43803.16,0.4944751526981534,C
43587.62,43646.87,43422.72,43509.93,1137.4846,43924.62,0.9530927767523466,C
43505.99,43719.99,43483.2,43623.02,849.79404,44154.52,1.218393407884186,C
43623.01,43763.57,43579.36,43662.68,571.73768,43200.0,-1.0596692644610919,C
43662.68,43795.44,43642.94,43708.42,1073.35534,43250.89,-1.0467777146828892,C
43708.42,43764.98,43537.42,43699.99,836.91713,42822.12,-2.00885629493278,B
43699.99,43898.33,43668.87,43896.44,1060.63413,42709.29,-2.7044334346931125,B
43896.43,43991.78,43740.01,43883.0,1022.25878,42700.67,-2.694277966410687,B
43883.0,44014.51,43756.2,43780.25,1099.0732,42796.18,-2.247748699470651,B
43780.25,43830.68,43500.0,43602.31,1425.68774,42810.99,-1.8148579742678763,C
43603.58,43811.0,43575.05,43803.16,768.7972,42594.37,-2.759595426448687,B
43803.16,43939.0,43659.21,43924.62,1023.6518,42560.11,-3.106481057775803,B
43924.61,44500.0,43840.28,44154.52,4866.88512,42750.66,-3.179425345355342,B
44154.52,44211.0,42871.01,43200.0,4892.5487299999995,42581.12,-1.4325925925925864,C
43200.01,43500.0,43070.42,43250.89,1782.99397,42713.89,-1.2415929475670904,C
43250.92,43255.04,42565.01,42822.12,2807.0948399999997,42623.87,-0.4629616656064669,C
42822.12,42962.96,42628.38,42709.29,1040.60187,42680.28,-0.06792433215350112,C
42709.29,42896.81,42535.0,42700.67,1314.97413,42894.92,0.45491089484076014,C
42700.67,42796.18,42311.22,42796.18,1918.7156,42810.22,0.03280666638938539,C
42796.18,42879.76,42664.14,42810.99,871.73458,42660.01,-0.35266645317007606,C
42810.99,42888.18,42466.64,42594.37,770.2614599999999,42519.99,-0.17462401721167528,C
42597.02,42771.94,42500.0,42560.11,933.52305,42548.53,-0.027208576293627402,C
42558.35,42784.0,42362.91,42750.66,1160.43813,42075.29,-1.5797884757802632,C
42750.66,42777.17,42541.81,42581.12,1138.08119,42012.94,-1.334347241218644,C
42581.12,42728.08,42425.03,42713.89,1136.25985,42057.26,-1.5372751112108904,C
42713.89,42738.47,42572.02,42623.87,1100.14262,42165.0,-1.076556399031816,C
42623.87,42880.0,42610.02,42680.28,937.36417,42975.88,0.6925915200181408,C
42679.0,42905.15,42640.01,42894.92,871.32726,43109.0,0.49908007754764844,C
42895.0,42978.1,42776.73,42810.22,961.01177,43201.06,0.9129595690001044,C
42810.22,42886.58,42599.99,42660.01,1246.12553,42913.26,0.593647305755437,C
42660.0,42678.82,42244.37,42519.99,1845.45077,43050.04,1.2465901332526252,C
42519.99,42688.84,42450.2,42548.53,1013.53743,43077.93,1.2442262987699022,C
42548.52,42611.63,41916.73,42075.29,2117.99354,43100.94,2.4376540244880105,D
42075.29,42075.71,41826.82,42012.94,2651.3511399999998,43293.89,3.048941587996453,D
42012.94,42250.0,41725.95,42057.26,2023.3774,43250.56,2.8373222601757595,D
42057.26,42321.23,42027.02,42165.0,1343.06319,43059.96,2.1225186766275326,D
42165.01,43098.88,42117.81,42975.88,3013.09459,43100.01,0.2888364356937069,C
42975.89,43347.42,42772.92,43109.0,2617.86679,42967.8,-0.3275418126145285,C
43109.0,43239.89,42863.0,43201.06,1549.41532,43090.0,-0.25707702542483374,C
43201.06,43270.96,42867.14,42913.26,1092.29876,42927.96,0.03425514631141305,C
42913.26,43114.71,42777.0,43050.04,977.46771,42907.71,-0.33061525610661857,C
43050.04,43408.0,43004.16,43077.93,1012.4358,42985.96,-0.21349679522669998,C
43077.93,43189.86,43000.0,43100.94,624.56688,43068.4,-0.07549719333267645,C
43100.94,43448.78,43096.68,43293.89,831.62056,43088.12,-0.47528646651986406,C
43296.29,43393.75,43170.59,43250.56,714.78841,42983.95,-0.6164313248198419,C
43250.56,43286.7,43003.0,43059.96,661.80411,43061.7,0.004040876953898617,C
43059.96,43174.0,42907.0,43100.01,776.16721,43096.75,-0.007563803349470306,C
43100.0,43150.0,42864.49,42967.8,712.20009,43017.59,0.11587747103643563,C
42967.8,43090.0,42910.36,43090.0,659.69825,42715.56,-0.868971919238808,C
43089.99,43121.05,42905.07,42927.96,825.12891,42906.51,-0.04996743381236166,C
42927.95,42961.46,42712.94,42907.71,1023.29118,43186.48,0.6496967561307841,C
42907.72,43050.0,42820.68,42985.96,590.35999,43401.21,0.966013088924849,C
42985.97,43099.81,42873.53,43068.4,714.87178,43338.22,0.6264918130230046,C
43068.4,43093.17,42928.78,43088.12,532.25493,43383.26,0.6849683857174539,C
43088.12,43117.18,42956.0,42983.95,691.57797,43334.93,0.8165373354473081,C
42983.94,43088.99,42884.01,43061.7,599.96966,43528.34,1.0836543842904471,C
43061.7,43283.83,43002.02,43096.75,805.08877,43485.0,0.9008799967514951,C
43096.75,43108.65,42958.67,43017.59,503.07822,43296.72,0.6488741001065023,C
43017.59,43039.72,42555.0,42715.56,1441.46489,43237.4,1.2216625510703916,C
42715.57,42973.28,42641.01,42906.51,846.44473,43084.29,0.4143427186224161,C
42906.51,43315.0,42735.16,43186.48,1588.49558,43069.7,-0.27040870198267164,C
43186.47,43406.96,43077.79,43401.21,1104.13621,42996.99,-0.931356522087751,C
43401.21,43430.98,43233.33,43338.22,1202.395,42923.66,-0.9565690515208,C
43338.21,43564.15,43251.61,43383.26,1662.49082,42977.22,-0.9359370411536635,C
43383.26,43391.11,43243.39,43334.93,992.47394,43023.02,-0.7197657870913914,C
43334.92,43554.79,43320.23,43528.34,712.8252,42958.69,-1.3086876274169754,C
43528.33,43800.0,43468.08,43485.0,1507.31496,43200.0,-0.6553984132459468,C
43485.0,43524.98,43160.23,43296.72,1085.45431,43202.21,-0.21828443355524862,C
43296.72,43398.4,43123.11,43237.4,627.40888,43070.27,-0.38654035626565114,C
43237.39,43375.0,43071.11,43084.29,731.46468,43074.99,-0.02158559419222856,C
43084.29,43117.5,42990.83,43069.7,772.8673200000001,42899.99,-0.39403571420279015,C
43069.69,43153.63,42985.81,42996.99,405.4211,42968.29,-0.06674885846659753,C
42996.99,43087.18,42838.0,42923.66,1069.09285,43005.93,0.19166585514841183,C
42922.93,43046.84,42861.49,42977.22,535.91601,43129.54,0.3544203184850014,C
42977.22,43089.0,42850.16,43023.02,645.90962,43300.02,0.6438413667845726,C
43023.57,43123.43,42953.17,42958.69,438.98823,43219.53,0.6071879752385292,C
42953.17,43225.86,42925.88,43200.0,571.91117,43381.45,0.4200231481481414,C
43200.0,43253.68,43117.24,43202.21,607.30016,43071.88,-0.30167438193555784,C
43202.21,43305.0,43059.99,43070.27,1312.7044,43066.8,-0.008056601456164283,C
43070.26,43131.37,43028.02,43074.99,1019.2046799999999,42824.79,-0.5808474941027197,C
43074.99,43185.71,42868.31,42899.99,1172.94515,43029.01,0.3007459908498908,C
42900.0,43042.67,42759.0,42968.29,1203.68411,42951.01,-0.04021570325465323,C
42968.3,43141.55,42954.16,43005.93,644.99288,43190.01,0.4280339943817091,C
43005.93,43187.87,42581.79,43129.54,2260.54268,43071.66,-0.1342003647615935,C
43129.54,43416.05,43026.7,43300.02,1422.48883,42891.12,-0.9443413652002799,C
43300.01,43350.0,43139.24,43219.53,997.18364,42894.05,-0.7530854685370154,C
43219.54,43475.0,43172.01,43381.45,947.1962,42918.6,-1.0669306812012935,C
43381.46,43428.83,43051.08,43071.88,762.74405,42647.4,-0.9855153756929022,C
43071.88,43126.04,42969.32,43066.8,620.03999,42622.99,-1.030515385401295,C
43066.79,43081.28,42790.02,42824.79,960.43526,42664.68,-0.3738722361510718,C
42824.79,43117.05,42750.25,43029.01,763.88888,42748.92,-0.6509329403581532,C
43029.06,43093.01,42900.7,42951.01,417.16364,42656.03,-0.686782452845703,C
42951.02,43245.0,42940.0,43190.01,523.45493,42790.35,-0.9253528767416435,C
43190.0,43263.15,43048.2,43071.66,526.27693,42838.94,-0.5403088713088865,C
43071.66,43176.18,42871.65,42891.12,732.8860099999999,42795.11,-0.2238458683289269,C
42891.11,42946.93,42810.0,42894.05,787.82091,42671.31,-0.5192794804873991,C
42894.05,43000.0,42785.85,42918.6,642.62375,42550.09,-0.85862539784616,C
42918.6,42981.46,42624.11,42647.4,903.8287399999999,42646.38,-0.0023917050043005543,C
42647.4,42807.95,42601.0,42622.99,1238.00312,42661.71,0.09084299341740494,C
42622.99,42699.0,42300.0,42664.68,1505.02026,42477.66,-0.4383485356036816,C
42664.68,42865.58,42643.58,42748.92,789.67982,42217.03,-1.2442185673930464,C
42748.92,42967.99,42643.0,42656.03,783.37561,42110.83,-1.278131134097564,C
42656.03,42866.48,42567.93,42790.35,927.5369000000001,42174.65,-1.438875821300824,C
42790.35,42900.0,42726.81,42838.94,1080.50371,42238.31,-1.4020655039550574,C
42838.94,42894.99,42629.56,42795.11,774.13875,42083.47,-1.662900270615029,C
42795.11,42842.79,42646.9,42671.31,739.074,41724.2,-2.21954751330578,B
42671.3,42793.16,42429.02,42550.09,1202.17533,42077.19,-1.111396004097745,C
42550.09,42694.99,42500.18,42646.38,921.17076,42201.62,-1.0429021173661042,C
42646.37,42741.97,42553.82,42661.71,722.9011399999999,42361.8,-0.7029957308321589,C
42661.73,42686.68,42385.0,42477.66,1332.14094,42260.9,-0.5102917627760145,C
42477.67,42538.47,42122.05,42217.03,2462.67736,42272.03,0.13027917880533046,C
42217.02,42249.94,41950.0,42110.83,2484.08812,42040.54,-0.16691668152824551,C
42110.84,42299.0,41822.74,42174.65,2307.10775,42033.75,-0.33408694559409846,C
42174.66,42318.61,42095.69,42238.31,858.93504,42097.25,-0.33396222528789077,C
42238.31,42306.96,42013.12,42083.47,698.7079200000001,42236.07,0.36261268379246897,C
42078.64,42148.21,41609.78,41724.2,1463.10962,42061.94,0.8094582999794011,C
41724.19,42392.66,41540.42,42077.19,1535.65406,41718.73,-0.8519105006774432,C
42077.18,42296.14,42049.38,42201.62,668.92651,41903.48,-0.7064657707452922,C
42201.63,42418.0,42129.97,42361.8,1131.74087,41924.72,-1.0317786307475172,C
42361.8,42436.66,42167.7,42260.9,1088.23648,41854.14,-0.9624972492303808,C
42260.9,42302.19,42142.85,42272.03,1166.27901,41807.52,-1.098858985480475,C
42272.04,42298.47,41972.71,42040.54,1164.1037900000001,41654.09,-0.919231770096208,C
42040.53,42099.19,41886.25,42033.75,1440.30064,41449.34,-1.3903351473518388,C
42033.75,42191.02,41980.0,42097.25,986.83607,41587.27,-1.211433050852498,C
42097.25,42337.3,42097.25,42236.07,619.17543,41706.66,-1.2534546893212275,C
42236.07,42276.38,41951.14,42061.94,1088.80389,41489.04,-1.3620389359121368,C
42065.42,42065.42,41639.51,41718.73,2003.03,41607.37,-0.266930465045318,C
41718.73,41990.93,41453.0,41903.48,2143.90549,41699.61,-0.4865228377213602,C
41903.48,42050.0,41829.21,41924.72,775.47077,41784.27,-0.3350052188780375,C
41924.73,41930.0,41694.54,41854.14,1100.87011,42369.92,1.232327315768521,C
41854.13,41950.0,41628.29,41807.52,866.77803,42480.96,1.6108106866898644,C
41807.52,41842.84,41400.0,41654.09,1490.11393,42352.12,1.6757778167762305,C
41654.1,41689.39,41250.0,41449.34,2059.21594,42252.73,1.9382455788198478,C
41449.34,41842.96,41320.81,41587.27,1864.5061699999999,42420.18,2.0028003761728135,D
41587.26,41799.08,41381.66,41706.66,1248.53654,42333.81,1.5037166725889681,C
41710.84,41737.38,41470.0,41489.04,906.15261,41706.41,0.5239214983041368,C
41489.04,41672.01,41385.79,41607.37,929.00652,41712.02,0.2515179402110592,C
41607.36,41770.8,41585.0,41699.61,683.74853,41762.55,0.1509366634364262,C
41695.59,41784.97,41500.99,41784.27,729.04646,41710.59,-0.1763342999650354,C
41784.97,42484.08,41715.2,42369.92,2007.79475,41287.1,-2.5556338081355823,B
42369.92,42691.0,42229.35,42480.96,1058.92433,41368.68,-2.618302411244941,B
42480.96,42560.91,42334.88,42352.12,771.50621,41573.59,-1.8382314745991606,C
42352.12,42482.51,42163.02,42252.73,895.72209,41505.53,-1.7684064437966596,C
42246.51,42458.87,42246.32,42420.18,887.62908,42033.0,-0.9127259714598107,C
42420.17,42500.0,42291.31,42333.81,677.01377,42094.99,-0.564135380207923,C
42340.23,42341.56,41582.99,41706.41,2078.03109,42191.85,1.1639457819553278,C
41706.41,41807.97,41587.53,41712.02,1173.43626,42495.38,1.878019812993954,C
41712.01,41809.72,41651.09,41762.55,954.75233,41981.27,0.5237228090717494,C
41765.99,41849.94,41674.98,41710.59,713.08843,41912.76,0.48469705175593425,C
41710.59,41710.59,41161.2,41287.1,1996.2132,42151.01,2.0924453400699097,D
41287.1,41400.0,41138.56,41368.68,1604.62511,42005.0,1.53816848881811,C
41368.68,41672.39,41324.67,41573.59,1248.9131,41873.79,0.7220930403171927,C
41573.59,41616.52,41290.0,41505.53,1348.84706,41631.4,0.3032607944049928,C
41509.06,42178.48,41498.42,42033.0,2283.17846,41712.22,-0.7631622772583418,C
42033.0,42272.71,41893.62,42094.99,1326.2883199999999,41976.88,-0.2805797079414928,C
42094.99,42332.07,42000.0,42191.85,1585.17043,41660.01,-1.260527803355379,C
42191.85,42559.13,42057.19,42495.38,2215.91843,41828.24,-1.5699118351218404,C
42495.38,42532.65,41832.13,41981.27,2091.32589,41769.99,-0.503272054418551,C
41981.27,42052.48,41697.46,41912.76,1519.92073,41983.27,0.1682303909358266,C
41912.77,42355.9,41900.84,42151.01,2177.72567,41924.97,-0.536262357651693,C
42151.0,42235.04,41876.58,42005.0,908.242,41884.17,-0.2876562314010278,C
42005.0,42049.36,41746.23,41873.79,851.45311,41879.2,0.01291977630875117,C
41872.45,41961.51,41548.0,41631.4,1063.82649,42009.07,0.9071758336255765,C
41629.35,41841.07,41627.25,41712.22,794.8551600000001,42058.31,0.8297088958583276,C
41712.22,41993.98,41637.63,41976.88,703.1664000000001,41966.58,-0.02453731673243851,C
41976.89,41989.42,41635.24,41660.01,586.37898,42053.53,0.9445989091217136,C
41660.0,41860.55,41639.88,41828.24,725.50552,42105.29,0.6623515596161897,C
41828.23,41877.55,41655.82,41769.99,883.3409,42129.44,0.8605460523213062,C
41770.0,42068.91,41766.69,41983.27,862.98405,42033.76,0.12026219015337596,C
41983.26,42082.26,41880.07,41924.97,769.11255,42375.14,1.073751513716046,C
41924.97,41989.3,41861.02,41884.17,780.7378,42969.66,2.5916473932753243,D
41884.17,41948.96,41768.48,41879.2,946.48571,43308.69,3.413365107260896,D
41879.19,42052.11,41871.1,42009.07,1209.73106,43274.78,3.0129445855383117,D
42009.08,42148.0,41930.77,42058.31,665.60754,43025.85,2.3004728435355606,D
42058.31,42084.91,41874.57,41966.58,592.15129,42834.19,2.067383141537863,D
41969.55,42085.0,41807.94,42053.53,831.48572,42917.32,2.054024953434351,D
42053.54,42149.39,42004.39,42105.29,888.07489,42723.71,1.4687465636740615,C
42103.87,42232.76,42045.05,42129.44,837.12391,41326.04,-1.9069800120770686,C
42129.45,42131.71,41900.05,42033.76,1141.58213,41167.25,-2.061462024810538,B
42033.77,42466.88,41970.19,42375.14,1980.38037,40680.91,-3.9981696815632843,B
42374.09,43060.0,42368.77,42969.66,3692.57219,40894.8,-4.828662828609769,B
42969.67,43456.0,42936.91,43308.69,4058.16745,39762.99,-8.187040522352452,A
43308.7,43505.0,43144.84,43274.78,2473.7236,39830.52,-7.959046816644712,A
43274.77,43307.48,42985.54,43025.85,1396.99093,38465.65,-10.598744708123133,A
43025.85,43090.04,42805.0,42834.19,1259.68649,38842.03,-9.320031498202729,A
42834.19,43241.38,42808.55,42917.32,1365.17407,38909.01,-9.339609276627705,A
42917.31,42996.64,42571.22,42723.71,1482.96957,38679.8,-9.465259454293639,A
42723.72,42730.9,41309.0,41326.04,4756.00358,39134.55,-5.302927645620045,A
41326.04,41543.47,40860.0,41167.25,4147.20255,39157.63,-4.881598843741087,B
41164.57,41176.93,40553.31,40680.91,4583.54566,38959.77,-4.230829644666274,B
40680.92,41100.0,40404.0,40894.8,3247.34628,38965.92,-4.716687696235229,B
40894.81,40929.76,39730.0,39762.99,4172.35185,38898.18,-2.1749118967160106,B
39763.0,40280.0,39267.86,39830.52,4354.458167,38186.16,-4.1283919968908105,B
39835.99,39944.45,38220.0,38465.65,9508.823455,38491.01,0.06592895219501187,C
38465.65,39070.0,38437.15,38842.03,3091.42065,38429.11,-1.0630752306200224,C
38842.03,38998.0,38700.19,38909.01,2658.65959,38857.26,-0.1330026130194523,C
38909.01,38936.66,38536.87,38679.8,2090.99691,38720.72,0.10579165352457419,C
38680.01,39177.2,38465.67,39134.55,2102.96586,38382.5,-1.9217034564087305,C
39136.31,39297.55,39006.71,39157.63,1916.83863,38265.12,-2.279274818215492,B
39157.63,39189.63,38915.25,38959.77,1560.93293,37984.12,-2.5042498967524556,B
38959.77,39320.0,38848.35,38965.92,1604.74586,38355.16,-1.5674209668345949,C
38965.92,38979.2,38668.19,38898.18,1616.61558,36682.23,-5.696796096886788,A
38898.19,38933.04,37710.0,38186.16,5714.997913,36117.6,-5.417041147892339,A
38186.16,38751.6,38150.03,38491.01,3898.63606,36445.31,-5.314747521564137,A
38491.01,38934.29,38253.48,38429.11,3134.1620000000003,36487.96,-5.051248910005986,A
38429.12,39042.4,38103.13,38857.26,3629.43541,36483.15,-6.109823492443884,A
38857.24,39071.13,38514.0,38720.72,2224.01303,36467.23,-5.819855622519411,A
38720.72,38752.7,38284.84,38382.5,1904.82598,36341.64,-5.317162769491306,A
38383.49,38644.02,37850.0,38265.12,2652.0984,36278.51,-5.191699385759147,A
38268.42,38500.0,37946.0,37984.12,1421.77249,35738.77,-5.911286084816512,A
37984.11,38470.0,37601.0,38355.16,4168.145974,35719.0,-6.873025689372703,A
38350.62,38464.36,36158.0,36682.23,9838.083956,35400.02,-3.4954527028482354,B
36682.23,37201.16,35440.45,36117.6,7369.871214,35599.94,-1.4332624537621443,C
36123.85,36890.0,35780.66,36445.31,4978.69381,34814.49,-4.474704701373098,B
36445.31,36835.22,36136.66,36487.96,2851.78214,35488.54,-2.739040494453508,B
36487.96,36619.71,36032.02,36483.15,3329.2034,35406.76,-2.9503757213946695,B
36483.15,36549.91,36263.0,36467.23,2152.67794,35768.0,-1.9174201056674804,C
36467.22,36690.0,36009.98,36341.64,4636.9062699999995,35576.3,-2.105958894535295,B
36340.43,36423.82,36200.0,36278.51,2333.69766,35009.27,-3.498600135452104,B
36278.52,36342.71,35600.01,35738.77,3668.48226,34838.68,-2.5185253997269537,B
35738.77,35984.68,35400.02,35719.0,4422.6716,35100.02,-1.7329152551863243,C
35719.01,35895.0,35112.84,35400.02,5275.295648,34610.01,-2.231665405838739,B
35400.01,35819.73,35397.36,35599.94,3444.07533,34392.12,-3.392758527121112,B
35599.94,35737.15,34664.0,34814.49,6202.550832,34528.62,-0.8211236183554472,C
34812.32,35948.01,34008.0,35488.54,13411.254931,35287.51,-0.5664645544730745,C
35488.54,35693.09,34801.0,35406.76,4811.75394,35387.01,-0.05578030861903207,C
35406.76,35900.0,35336.23,35768.0,4109.41153,34875.0,-2.4966450458510403,B
35769.8,36192.76,35518.2,35576.3,3716.30079,35071.42,-1.4191470164126248,C
35576.29,35656.93,34988.8,35009.27,2910.19612,35401.1,1.1192178528715446,C
35009.27,35319.99,34805.32,34838.68,3028.27691,35315.04,1.3673307943929005,C
34838.69,35501.96,34520.59,35100.02,4478.77231,34875.29,-0.6402560454381392,C
35095.23,35217.94,34500.0,34610.01,2681.65926,35051.0,1.2741689470762878,C
34610.0,34800.0,34243.38,34392.12,2829.73802,35217.66,2.400375434837983,D
34392.12,34854.84,34346.54,34528.62,1919.38842,35456.4,2.6869883592219983,D
34528.61,35500.0,34415.95,35287.51,4223.21411,35279.83,-0.021764074597500054,C
35287.5,35729.03,35078.55,35387.01,1986.50639,35571.19,0.5204734731756095,C
35383.95,35395.26,34728.12,34875.0,1148.42973,35846.77,2.786437275985654,D
34875.0,35107.0,34730.0,35071.42,899.09342,35882.35,2.312224597692367,D
35071.42,35479.11,34944.0,35401.1,1601.28654,35902.12,1.4152667572476678,C
35401.11,35526.28,35268.34,35315.04,1347.04206,35686.29,1.0512518179223358,C
35316.99,35346.21,34834.92,34875.29,1373.11037,35803.21,2.6606803843064766,D
34875.3,35101.53,34811.0,35051.0,992.94236,35969.27,2.6198111323499953,D
35051.01,35295.97,34952.06,35217.66,1107.66038,35323.85,0.3015248599708074,C
35217.65,35565.09,34940.09,35456.4,2227.65018,35287.58,-0.4761340688846011,C
35456.4,35600.47,35165.22,35279.83,2127.59829,35228.45,-0.14563562239388528,C
35279.84,35758.64,35221.79,35571.19,2491.21573,35332.6,-0.6707394382926289,C
35571.19,35961.23,35325.03,35846.77,3322.40868,34956.27,-2.484184767553674,B
35846.77,36150.76,35738.61,35882.35,3097.09365,34775.45,-3.084803531541277,B
35877.41,35948.74,35577.0,35902.12,2006.87413,35300.13,-1.6767533504985368,C
35902.12,35906.76,35608.38,35686.29,1186.28742,35346.15,-0.9531391467143248,C
35686.29,35832.36,35557.92,35803.21,1477.86519,35508.47,-0.8232222753211178,C
35803.21,36055.0,35700.45,35969.27,1067.45596,36244.55,0.7653199522815063,C
35969.28,36080.5,35050.4,35323.85,2815.83709,35840.29,1.4620150408293613,C
35323.85,35374.31,35111.56,35287.58,1220.17508,35652.22,1.0333380753228172,C
35282.66,35450.0,35156.0,35228.45,1092.05916,35201.17,-0.07743741209164422,C
35228.44,35445.49,35189.99,35332.6,679.94542,35338.26,0.016019200398508723,C
35332.59,35398.38,34870.01,34956.27,1680.38554,35123.56,0.4785693668117362,C
34956.28,35205.52,34601.01,34775.45,2427.93169,35184.06,1.174995578777559,C
34775.45,35387.8,34707.58,35300.13,1423.7446499999999,35265.37,-0.09846989232049504,C
35300.13,35566.66,35083.76,35346.15,1220.14574,34888.81,-1.2938891505864252,C
35346.15,35545.76,35273.15,35508.47,879.09708,34959.79,-1.545208791029296,C
35508.47,36499.0,35383.36,36244.55,5413.71115,34512.2,-4.779615142138627,B
36244.55,36251.5,35744.18,35840.29,2840.75148,33276.59,-7.153122923949567,A
35840.3,36042.21,35600.0,35652.22,1768.74664,33697.11,-5.483838033087422,A
35650.01,35715.01,35160.51,35201.17,1378.44743,33114.9,-5.92670641345159,A
35201.17,35399.99,35169.0,35338.26,1177.47497,33335.23,-5.6681624958331245,A
35338.25,35473.45,35065.0,35123.56,1125.94361,33622.71,-4.273057742438405,B
35123.57,35249.27,34936.37,35184.06,1446.73836,34233.95,-2.700398987496044,B
35184.06,35356.65,35054.01,35265.37,866.0993,34417.76,-2.4035193732548406,B
35265.14,35314.95,34811.87,34888.81,1539.02685,35363.1,1.3594330101829237,C
34887.9,35562.15,34792.53,34959.79,2826.29586,36179.99,3.4902955652765564,D
34959.79,35093.13,34401.5,34512.2,4020.43347,36066.4,4.503335052532162,D
34510.04,34600.0,33250.0,33276.59,9899.637053,37220.05,11.850553196706775,E
33276.59,34249.88,33029.54,33697.11,7055.750112,36805.22,9.2236693295063,E
33697.12,33890.0,33036.44,33114.9,4676.83642,36369.44,9.828023034948016,E
33114.89,33776.02,32917.17,33335.23,5992.2716359999995,36660.35,9.974792434310473,E
33335.23,34138.16,33100.0,33622.71,6736.36178,36037.58,7.182258657913067,E
33622.7,34388.38,33222.74,34233.95,5093.02808,36125.31,5.524807975708327,E
34237.31,34576.01,33803.13,34417.76,5092.2017,36317.27,5.5189820604246025,E
34417.75,35535.69,34164.58,35363.1,6482.58003,36424.49,3.0014054197737177,D
35363.11,36436.0,35190.13,36179.99,6898.86151,35950.0,-0.6356828733230662,C
36179.99,36340.54,35652.04,36066.4,3343.8888,36054.81,-0.03213517290332216,C
36066.4,37550.0,35951.13,37220.05,5870.45082,35843.89,-3.6973620400832434,B
37218.56,37264.93,36711.0,36805.22,2593.81306,36044.01,-2.0682120633975267,B
36807.92,36842.95,36187.99,36369.44,1787.55587,36070.55,-0.8218163381124357,C
36369.43,36767.09,36355.29,36660.35,1391.55837,36409.42,-0.6844724613922134,C
36660.35,36691.87,36012.01,36037.58,2316.45521,36430.39,1.0900010489050531,C
36038.09,36196.14,35955.43,36125.31,1476.2762500000001,36406.0,0.776989872197643,C
36125.31,36335.48,36084.85,36317.27,1219.60501,36519.13,0.5558237169258609,C
36317.26,36460.03,36166.44,36424.49,1243.18572,36498.0,0.2018147680310748,C
36424.5,36496.62,35869.39,35950.0,1385.55765,36299.99,0.9735465924895631,C
35950.01,36110.81,35828.56,36054.81,1074.45012,36530.0,1.3179656195664389,C
36054.81,36150.92,35835.01,35843.89,1178.97473,36837.7,2.7726064330629225,D
35843.89,36106.0,35701.0,36044.01,2304.11612,37273.33,3.410608309119878,D
36044.01,36564.07,36003.3,36070.55,2586.71157,37320.08,3.464127938165619,D
36070.55,36510.0,36040.01,36409.42,1732.94507,37067.13,1.806428116679692,C
36409.42,36800.0,36287.89,36430.39,2119.05038,36859.79,1.1786862561723919,C
36430.38,36600.44,36227.52,36406.0,1671.86116,36556.04,0.4121298687029634,C
36406.0,36777.77,36201.68,36519.13,2239.52587,36791.16,0.7448972634342772,C
36519.12,36579.99,36259.1,36498.0,2008.17575,36958.32,1.2612197928653617,C
36497.39,37149.42,36252.0,36299.99,5493.26524,36638.5,0.932534692158323,C
36299.99,36780.0,35967.33,36530.0,3943.20294,36851.85,0.8810566657541707,C
36530.0,37086.64,36492.48,36837.7,2613.07831,36812.89,-0.06734948164515611,C
36837.7,37481.75,36800.0,37273.33,3299.07838,37389.76,0.3123681195106536,C
37273.32,37545.14,37120.0,37320.08,2103.98592,37789.73,1.2584378168535584,C
37320.08,37421.0,36920.01,37067.13,1939.39675,37600.0,1.4375809511014277,C
37067.13,37103.15,36616.35,36859.79,2160.03461,37288.56,1.1632459110591697,C
36859.8,36905.87,36421.56,36556.04,1507.44273,37338.59,2.140685916745894,D
36556.04,36791.16,36432.73,36791.16,721.1956299999999,37591.42,2.1751420721716705,D
36791.16,37042.53,36707.34,36958.32,894.83071,37650.0,1.871513640230401,C
36958.32,37000.0,36560.16,36638.5,1135.8662199999999,37940.46,3.5535297569496542,D
36638.55,36916.23,36550.2,36851.85,1621.53947,38072.77,3.3130494127160466,D
36851.85,37047.83,36784.7,36812.89,1034.88206,37749.2,2.5434297606083023,D
36812.9,37522.24,36790.81,37389.76,3049.74993,38193.48,2.1495725032736264,D
37389.77,37876.8,37248.87,37789.73,2641.98665,38223.52,1.1479044703415282,C
37789.73,37974.43,37590.01,37600.0,1884.23041,37985.0,1.0239361702127658,C
37600.01,37798.46,37202.47,37288.56,2250.39767,38264.86,2.618229290699354,D
37288.56,37400.0,37109.37,37338.59,1597.98349,38040.9,1.880922659371993,C
37338.6,37700.17,37324.58,37591.42,1817.91907,37961.15,0.9835489055747382,C
37591.42,37975.57,37563.47,37650.0,2418.87524,37579.9,-0.1861885790172604,C
37650.01,38173.2,37550.0,37940.46,2096.40733,37015.05,-2.439111175773821,B
37940.46,38248.92,37778.18,38072.77,2974.73728,36323.08,-4.595646704981001,B
38072.77,38090.61,37742.76,37749.2,1935.96958,36509.4,-3.284308011825405,B
37749.68,38275.0,37475.01,38193.48,3545.6505,36809.34,-3.624021691660478,B
38193.48,38499.0,38055.76,38223.52,3824.86357,37004.43,-3.189371360879366,B
38223.51,38369.03,37819.97,37985.0,3486.56576,35882.21,-5.535843095958933,A
37985.01,38295.65,37911.66,38264.86,1682.49321,36008.69,-5.896193008415549,A
38264.85,38380.01,38007.03,38040.9,1917.7847199999999,35745.7,-6.033506042180927,A
38040.9,38300.0,37565.0,37961.15,3544.88678,35930.8,-5.348494447612884,A
37961.15,38919.98,37311.58,37579.9,12243.82668,35973.39,-4.2749182408681285,B
37576.67,37580.03,36668.23,37015.05,6182.33781,36139.09,-2.3664968708674077,B
37015.05,37181.85,36322.54,36323.08,3204.91046,36173.87,-0.4107856492345889,C
36327.35,36583.8,36234.63,36509.4,2050.62594,36450.0,-0.1626978257654233,C
36509.41,36886.68,36439.02,36809.34,1685.67053,36525.85,-0.7701577914735717,C
36807.24,37080.0,36655.79,37004.43,2074.29018,36318.22,-1.854399594859316,C
37004.43,37005.84,35833.56,35882.21,3376.02847,36679.98,2.223302299384581,D
35882.21,36041.84,35681.77,36008.69,2675.43678,36668.23,1.8316134244261615,C
36008.69,36243.32,35507.01,35745.7,2650.83156,36830.89,3.035861656087312,D
35745.7,36000.0,35692.61,35930.8,2846.15453,36882.03,2.6473944359713557,D
35930.8,36091.0,35820.44,35973.39,2262.56977,36639.43,1.8514796631621342,C
35977.88,36175.64,35818.77,36139.09,1872.14471,36528.86,1.0785274338673279,C
36139.09,36303.8,35915.0,36173.87,1860.34114,36282.03,0.29900035578166284,C
36177.17,36500.0,35815.8,36450.0,2112.75603,36215.49,-0.6433744855967134,C
36449.99,36611.21,36333.0,36525.85,2294.32365,36209.2,-0.8669202770093002,C
36525.84,36649.61,36290.31,36318.22,1385.5209399999999,35583.5,-2.0230066341357067,B
36318.22,36781.79,36290.01,36679.98,1707.19659,36187.01,-1.3439756510227134,C
36679.98,36784.27,36423.46,36668.23,1846.0629,36705.27,0.10101387495385948,C
36668.23,36849.37,36543.16,36830.89,1852.8528900000001,37160.1,0.8938420983038943,C
36830.88,37199.0,36679.99,36882.03,2826.17783,37157.27,0.7462712871281705,C
36882.02,37030.0,36510.0,36639.43,2139.96762,36880.8,0.658771165381128,C
36639.43,36787.77,36327.13,36528.86,1843.62877,36935.62,1.113530507111369,C
36528.85,36600.0,36161.41,36282.03,1493.88279,37351.83,2.9485671005729364,D
36282.02,36345.76,36022.07,36215.49,1606.52202,37223.18,2.782483406962055,D
36215.49,36327.72,35883.82,36209.2,1971.02943,37205.6,2.75178683870398,D
36209.19,36435.7,35557.96,35583.5,2461.62784,36907.14,3.7198139587168195,D
35583.5,36330.83,35538.75,36187.01,2304.11782,36799.82,1.6934529821612718,C
36187.01,37000.0,35890.02,36705.27,3294.65777,36658.47,-0.12750212707874276,C
36704.68,37234.47,36693.22,37160.1,2262.75731,36486.09,-1.8138002857904099,C
37160.11,37467.98,37046.15,37157.27,2204.86551,36615.35,-1.4584494501345182,C
37157.26,37222.73,36720.01,36880.8,1828.36966,36448.28,-1.1727511333810656,C
36880.79,36973.56,36500.0,36935.62,1938.13929,36278.6,-1.7788248850296924,C
36936.33,37450.0,36901.45,37351.83,2146.26416,36910.46,-1.181655624369683,C
37351.83,37449.98,36986.43,37223.18,1593.21951,36759.65,-1.2452724350794286,C
37223.19,37328.87,37091.2,37205.6,1226.26364,37188.98,-0.04467069473411353,C
37206.17,37500.0,36907.02,36907.14,1824.47514,37103.62,0.532363114562665,C
36907.14,37099.09,36777.77,36799.82,1930.9875,36843.6,0.11896797321290929,C
36799.82,36882.22,36429.62,36658.47,1829.32817,37050.57,1.0696027411945959,C
36658.46,36853.09,36401.44,36486.09,1662.1471,37222.86,2.0193174988057208,D
36486.1,36678.19,36325.33,36615.35,1543.09172,37758.01,3.120713034287542,D
36615.35,36650.0,36287.03,36448.28,1593.88827,37788.87,3.678061077230541,D
36447.67,36594.59,36155.01,36278.6,1722.28784,37655.01,3.7939997684585505,D
36278.6,36989.92,36213.24,36910.46,2635.32344,37716.56,2.1839337683680955,D
36906.58,37096.08,36600.0,36759.65,2740.25615,37788.27,2.7982312127563658,D
36759.65,37300.0,36682.24,37188.98,2727.21213,37535.77,0.9325074255868099,C
37188.99,37376.7,37000.01,37103.62,1666.64111,37530.75,1.1511814750150993,C
37103.63,37193.42,36774.43,36843.6,1322.31184,37737.73,2.426825825923647,D
36843.59,37137.09,36785.8,37050.57,1217.1557,37814.46,2.06174965729272,D
37050.56,37238.11,36765.05,37222.86,1133.15411,37653.72,1.1575144951247718,C
37222.85,37858.19,37134.65,37758.01,2350.29717,37739.78,-0.04828114617270137,C
37758.0,38000.0,37660.88,37788.87,1701.81819,37836.99,0.12733908158670884,C
37788.87,37943.55,37653.36,37655.01,951.05179,37785.82,0.3473906925001419,C
37655.01,37850.0,37642.05,37716.56,665.72042,37703.24,-0.03531605215321787,C
37716.57,37983.41,37647.01,37788.27,1192.0404,37756.19,-0.08489406897959201,C
37788.27,37899.99,37473.07,37535.77,1181.30907,37736.07,0.5336243268754123,C
37535.76,37635.93,37448.58,37530.75,904.78617,37847.57,0.8441611212139372,C
37530.74,37750.0,37490.1,37737.73,837.02319,38161.69,1.1234380022327763,C
37737.72,37916.08,37726.32,37814.46,719.2119,37620.04,-0.514141944642336,C
37814.47,37834.99,37613.01,37653.72,728.34049,37566.82,-0.23078729007386642,C
37653.71,37835.0,37589.44,37739.78,1012.4948,37538.19,-0.5341578567760504,C
37739.78,37925.0,37656.57,37836.99,967.94082,37646.31,-0.5039512921085961,C
37836.98,37923.0,37750.0,37785.82,1004.4366,37806.23,0.0540149717539635,C
37785.82,37786.85,37544.94,37703.24,709.55783,37853.0,0.3972072426666834,C
37703.25,37809.83,37597.11,37756.19,679.36743,38340.03,1.546342467288136,C
37756.2,37788.24,37662.44,37736.07,426.51029,38358.32,1.6489528453810902,C
37736.06,37916.99,37623.01,37847.57,755.03752,38140.0,0.7726519826768278,C
37847.57,38186.11,37733.04,38161.69,1782.61817,38166.84,0.013495209462668396,C
38161.69,38198.82,37507.72,37620.04,1985.59542,37816.45,0.5220887590762695,C
37620.04,37735.67,37268.44,37566.82,1881.67209,37931.75,0.9714157333519321,C
37567.98,37603.57,37317.37,37538.19,1102.74218,37951.8,1.1018378882945623,C
37538.19,37720.77,37532.15,37646.31,784.47184,37917.13,0.7193799339164972,C
37646.31,37904.19,37556.56,37806.23,772.06693,38099.34,0.775295500238964,C
37806.24,37950.0,37781.49,37853.0,671.54974,38139.39,0.7565846828520841,C
37853.0,38650.0,37816.21,38340.03,2848.57779,38098.51,-0.6299421257625433,C
38340.03,38720.74,38279.99,38358.32,1378.11408,38244.98,-0.29547696562309433,C
38358.32,38411.72,38045.27,38140.0,1008.45341,38000.0,-0.36706869428421607,C
38140.0,38185.8,37906.26,38166.84,795.57866,37889.48,-0.7267041232650996,C
38166.83,38281.24,37737.49,37816.45,1184.00777,38184.74,0.9738883475313017,C
37816.46,37976.29,37788.87,37931.75,716.9955,38110.02,0.4699756800042097,C
37931.75,38054.18,37873.59,37951.8,827.1475800000001,37938.47,-0.0351234987536869,C
37951.79,38044.24,37881.55,37917.13,649.81836,37963.22,0.12155455858606332,C
37917.13,38183.86,37901.17,38099.34,497.07419999999996,37838.99,-0.6833451708087295,C
38100.02,38300.0,38087.02,38139.39,781.35435,37980.09,-0.417678415936917,C
38139.38,38152.79,38038.95,38098.51,815.2619,37832.44,-0.6983737684229637,C
38098.51,38290.0,38098.51,38244.98,585.29997,37991.0,-0.6640871560136864,C
38244.98,38359.26,37966.15,38000.0,1156.0869500000001,37820.95,-0.4711842105263235,C
37999.99,38073.45,37795.0,37889.48,1518.69315,37512.37,-0.9952894576542104,C
37889.49,38189.19,37829.0,38184.74,1234.86371,37684.45,-1.3101830731334059,C
38184.74,38259.14,37958.13,38110.02,803.22993,37729.0,-0.9997895566572699,C
38110.03,38153.82,37849.53,37938.47,719.04878,37785.78,-0.4024674690360531,C
37937.21,37998.99,37823.08,37963.22,549.75372,37881.76,-0.21457610813834846,C
37963.21,37999.9,37712.05,37838.99,925.6602,36829.3,-2.668385176242799,B
37839.0,38041.32,37778.2,37980.09,739.6671,36821.05,-3.051704195540331,B
37977.47,38074.76,37800.0,37832.44,586.32887,36993.58,-2.2173034570331716,B
37832.45,37994.87,37751.72,37991.0,554.76321,37025.68,-2.5409175857439914,B
37991.0,38020.39,37813.79,37820.95,491.34455,36912.84,-2.4010766519614144,B
37820.96,37827.14,37442.52,37512.37,1718.81204,37001.65,-1.3614708961337316,C
37512.37,37740.0,37351.63,37684.45,1037.92256,36916.78,-2.037100183232071,B
37684.45,37762.6,37492.25,37729.0,874.06052,37121.83,-1.609292586604464,C
37729.0,37855.54,37625.41,37785.78,734.65855,37145.63,-1.694155843812147,C
37785.78,38230.0,37778.46,37881.76,1728.8118,37212.53,-1.766628583254852,C
37881.75,37951.07,36828.32,36829.3,2907.71096,37300.31,1.2789002234633695,C
36829.3,36960.67,36760.87,36821.05,1423.26744,37265.16,1.2061307322849308,C
36823.19,37004.55,36632.61,36993.58,1846.10363,37081.15,0.23671674923054137,C
36994.69,37058.82,36925.27,37025.68,961.28704,37251.08,0.6087666722123711,C
37025.68,37026.29,36811.48,36912.84,744.8135599999999,37510.84,1.6200324873404486,C
36912.84,37019.76,36850.0,37001.65,744.8027500000001,37722.91,1.9492644246945796,C
37001.66,37077.46,36916.78,36916.78,831.06345,38341.99,3.860602143523891,D
36916.79,37196.91,36880.6,37121.83,827.67942,38473.03,3.6399067610621483,D
37121.84,37211.12,37100.71,37145.63,1032.91464,38468.29,3.560741869232003,D
37144.71,37256.14,37085.23,37212.53,714.57733,38415.79,3.233480765752831,D
37212.53,37350.0,37156.8,37300.31,812.93941,38450.62,3.08391538837078,D
37300.31,37399.93,36880.0,37265.16,1460.26909,38410.09,3.0723871841687864,D
37265.15,37421.3,36828.52,37081.15,1665.8575,38412.46,3.5902608198505104,D
37084.17,37347.83,36724.0,37251.08,1706.02333,38466.9,3.263851678931187,D
37251.07,37524.78,37193.77,37510.84,2024.77703,38342.36,2.2167458793244945,D
37510.85,37900.0,37510.84,37722.91,3594.15508,38238.19,1.3659603673205454,C
37722.91,38414.0,37671.46,38341.99,3171.08823,38480.9,0.36229209803665247,C
38341.99,38600.0,38122.83,38473.03,3055.46443,38596.82,0.3217578651850423,C
38473.03,38600.0,38342.89,38468.29,1319.70238,38556.82,0.23013760164540412,C
38468.29,38744.0,38383.91,38415.79,1944.84957,38452.9,0.09660090290997682,C
38415.79,38563.37,38236.69,38450.62,1639.69627,38285.02,-0.43068226208057453,C
38450.62,38531.53,38335.0,38410.09,923.75238,38440.77,0.07987484538567936,C
38410.09,38737.99,38398.58,38412.46,927.8468,38597.53,0.4817967919784354,C
38412.45,38510.28,38336.04,38466.9,574.60408,38256.12,-0.54795161554479,C
38466.9,38627.35,38276.43,38342.36,1058.42599,38253.57,-0.2315715568890409,C
38342.37,38407.0,38175.86,38238.19,777.8631,38425.06,0.4886999096975964,C
38238.18,38506.18,38196.61,38480.9,766.83847,38650.0,0.43943878651486457,C
38480.9,38649.9,38384.99,38596.82,946.45649,38872.21,0.7135043767854435,C
38596.82,38644.57,38470.37,38556.82,758.92782,38509.46,-0.12283170655671444,C
38556.83,38618.67,38444.26,38452.9,703.01456,38630.33,0.4614216352992889,C
38452.89,38482.91,38240.0,38285.02,1246.89537,39110.89,2.1571622530169834,D
38285.01,38462.69,38281.16,38440.77,708.0703,38867.24,1.1094210651867826,C
38440.76,38624.24,38398.54,38597.53,793.02544,38533.15,-0.16679823812559347,C
38597.54,39100.0,38224.41,38256.12,4270.80387,38378.09,0.3188248050246441,C
38256.12,38367.16,38000.0,38253.57,2105.11598,38512.08,0.675780064448892,C
38255.46,38471.43,38204.79,38425.06,1032.06336,38785.53,0.9381117427012506,C
38425.05,38800.0,38372.0,38650.0,1456.5396700000001,38697.55,0.12302716688228436,C
38650.01,38965.99,38454.0,38872.21,1951.15553,38694.59,-0.4569331149425326,C
38872.2,39034.47,38304.52,38509.46,3170.70783,38557.27,0.12415131243075773,C
38509.46,38649.57,38190.42,38630.33,2242.40938,38439.76,-0.4933170387102562,C
38630.32,39265.2,38587.96,39110.89,3016.77143,38622.81,-1.247938873290794,C
39110.89,39171.94,38655.35,38867.24,1950.07901,38552.87,-0.8088302642533799,C
38868.01,38900.0,38460.2,38533.15,1130.81481,38423.44,-0.2847158874890818,C
38533.14,38595.6,38341.06,38378.09,1211.90981,38416.38,0.09977046799358924,C
38378.1,38735.63,38369.0,38512.08,1134.06888,38277.51,-0.6090816180273818,C
38512.86,38819.0,38490.0,38785.53,907.43829,38284.69,-1.2913063196506442,C
38785.52,38853.23,38532.45,38697.55,629.43065,38447.49,-0.6461907795196464,C
38697.56,38889.0,38602.3,38694.59,605.62059,38530.85,-0.42315993010908753,C
38694.59,38855.92,38429.03,38557.27,1187.94325,38566.26,0.02331596609408612,C
38557.27,38668.84,38374.78,38439.76,1052.16968,38490.0,0.1306980064391608,C
38439.76,38665.69,38385.19,38622.81,505.6474,38723.99,0.26196954597555255,C
38619.71,38749.99,38544.87,38552.87,555.13134,38361.61,-0.4960979558720324,C
38552.87,38555.33,38378.65,38423.44,1141.1142300000001,37703.72,-1.8731274451220432,C
38423.44,38519.78,38300.0,38416.38,932.7053,37429.78,-2.5681753460372856,B
38416.38,38541.27,38196.42,38277.51,915.23311,37336.71,-2.457840125964314,B
38281.18,38388.46,38200.0,38284.69,754.53449,37469.99,-2.1280046932599017,B
38282.14,38465.21,38225.0,38447.49,1014.7006700000001,37486.42,-2.499695038609802,B
38447.5,38564.87,38388.0,38530.85,901.66424,37566.56,-2.50264398527414,B
38530.1,38597.95,38359.08,38566.26,922.6473,37566.0,-2.5936142109709417,B
38566.25,38577.21,38427.02,38490.0,601.82559,36922.51,-4.072460379319298,B
38490.0,38773.41,38468.8,38723.99,1257.76358,37006.93,-4.434098862229842,B
38724.0,38772.24,38335.83,38361.61,1421.44402,36896.36,-3.8195737874400995,B
38361.61,38437.02,37611.0,37703.72,4280.3945699999995,36878.39,-2.188988248374436,B
37703.72,37824.17,37361.49,37429.78,3502.09292,36845.52,-1.5609495968183678,C
37429.78,37435.9,37066.66,37336.71,3497.25132,36958.68,-1.0124887811486305,C
37336.71,37550.0,37269.25,37469.99,1308.70536,36820.83,-1.732479779151252,C
37469.99,37530.98,37380.01,37486.42,880.98096,36906.99,-1.545706418484348,C
37486.41,37674.34,37401.75,37566.56,1166.16549,36991.62,-1.5304568744116978,C
37566.56,37662.14,37400.17,37566.0,1479.58286,36924.01,-1.7089655539583612,C
37566.0,37612.66,36586.95,36922.51,3452.00636,37024.16,0.275306310432312,C
36922.51,37211.0,36820.5,37006.93,1538.78106,37077.65,0.1910993427447269,C
37006.93,37133.16,36797.18,36896.36,1524.1962,36614.91,-0.7628123749876602,C
36896.37,37049.65,36763.4,36878.39,1812.53895,36378.83,-1.354614450359676,C
36878.38,36996.39,36753.0,36845.52,1106.46884,36785.0,-0.16425334748972684,C
36845.52,36958.97,36720.01,36958.68,1068.81062,36694.0,-0.716151117951183,C
36958.67,36960.0,36772.11,36820.83,629.52766,36585.08,-0.6402625904956515,C
36822.5,36957.0,36780.04,36906.99,639.91773,36505.71,-1.0872737115652045,C
36906.99,37081.55,36834.32,36991.62,1910.09664,36910.05,-0.22050940185912296,C
36991.63,37006.56,36835.14,36924.01,1083.97686,36687.0,-0.6418858623426925,C
36924.01,37093.03,36916.61,37024.16,969.40725,36831.51,-0.520335910389328,C
37024.16,37106.91,36925.25,37077.65,851.30612,36762.69,-0.8494605240623371,C
37077.66,37090.0,36593.4,36614.91,1339.46411,36551.7,-0.17263459066267375,C
36614.9,36666.67,36250.73,36378.83,2413.18982,36367.4,-0.031419372200811,C
36378.83,36796.44,36292.61,36785.0,1771.47993,36948.99,0.44580671469348365,C
36785.0,36791.98,36250.0,36694.0,1897.12482,36933.16,0.6517686815283248,C
36690.76,36774.58,36451.0,36585.08,1362.70695,37311.61,1.985864182885479,C
36585.08,36792.17,36484.0,36505.71,1696.69851,37180.53,1.8485327363856223,C
36505.71,36976.89,36474.92,36910.05,1915.37708,37168.6,0.7004867238055641,C
36910.06,37104.6,36686.65,36687.0,1339.8491900000001,37326.25,1.7424428271594843,C
36686.65,36886.3,36518.13,36831.51,1071.90257,37297.62,1.265519659660982,C
36831.52,36853.03,36698.0,36762.69,799.74746,37289.34,1.4325665504890803,C
36762.69,36830.0,36449.43,36551.7,1198.85605,37547.01,2.7230197227488873,D
36551.71,36644.05,36270.0,36367.4,1199.79905,37990.02,4.461743209577796,D
36367.43,37050.0,36357.87,36948.99,1911.35564,37869.31,2.4907852690966648,D
36949.0,37016.42,36800.01,36933.16,705.2871700000001,37957.32,2.773009404015243,D
36933.16,37387.0,36865.49,37311.61,1386.22097,38014.01,1.882523965060745,C
37311.98,37343.77,37116.97,37180.53,1448.75667,37879.74,1.8805810460474854,C
37180.52,37239.94,37026.73,37168.6,1084.34384,37810.0,1.725650145552971,C
37168.59,37445.5,37140.19,37326.25,1544.8416,37956.67,1.688945447238869,C
37326.26,37420.51,37266.31,37297.62,977.10595,37421.4,0.33187104163750614,C
37297.61,37356.0,37245.0,37289.34,1062.99863,37953.2,1.7802943146754557,C
37289.35,37689.0,37260.01,37547.01,2630.83036,39490.87,5.17713660821461,E
37547.01,38025.6,37547.0,37990.02,2508.64163,40268.51,5.997601475334853,E
37990.02,38222.0,37838.13,37869.31,1825.08534,40520.46,7.000787709097424,E
37869.31,38047.98,37850.01,37957.32,1418.59898,40469.27,6.617827602159471,E
37957.32,38140.39,37900.0,38014.01,1364.8923,40727.91,7.139209991263751,E
38014.0,38236.08,37763.74,37879.74,1763.02639,40588.0,7.149626686983601,E
37879.74,37994.6,37810.0,37810.0,1269.60798,40624.15,7.44287225601693,E
37810.0,38060.55,37810.0,37956.67,995.06572,40641.74,7.07403995134452,E
37956.67,38200.0,37362.72,37421.4,3517.48646,41574.25,11.097527083433539,E
37421.41,38070.65,37290.2,37953.2,3218.6560600000003,41471.41,9.269863937691701,E
37953.2,39819.91,37886.9,39490.87,12542.88189,41274.08,4.515499405305579,D
39490.88,40600.0,39442.89,40268.51,9229.66749,41363.96,2.720363877382096,D
40268.51,40557.51,40180.0,40520.46,3408.59177,41447.85,2.28869563672278,D
40520.45,40662.01,40278.79,40469.27,2093.46861,41465.42,2.4614973287138646,D
40469.27,40877.0,40366.99,40727.91,2345.90165,41525.27,1.957772937526117,C
40727.92,40884.96,40456.25,40588.0,2561.73047,41499.99,2.246944909825559,D
40588.0,40631.89,40426.23,40624.15,1506.16471,41379.99,1.8605681595799457,C
40624.16,40666.98,40382.84,40641.74,1145.45021,41436.23,1.9548621687949514,C
40641.74,41772.33,40562.29,41574.25,3240.16403,41547.36,-0.06467945904014966,C
41571.7,41913.69,41342.98,41471.41,4759.06054,41565.86,0.22774726010038499,C
41471.41,41535.73,41193.44,41274.08,1612.08923,41430.0,0.37776735423296715,C
41274.08,41447.08,41173.36,41363.96,976.72246,41379.13,0.03667443832746733,C
41363.96,41471.0,41341.37,41447.85,860.91629,41510.69,0.15161220666452851,C
41447.85,41693.9,41369.69,41465.42,1277.42961,41458.73,-0.016133925569776098,C
41465.43,41656.25,41376.5,41525.27,1176.39063,41761.85,0.569725374452717,C
41525.26,41748.18,41480.41,41499.99,1081.8328999999999,41283.81,-0.5209157881724799,C
41500.0,41501.91,41373.27,41379.99,1074.3939,41583.93,0.49284690498959116,C
41379.99,41600.1,41315.68,41436.23,1672.49856,41683.89,0.5976895098805953,C
41437.62,41564.28,41099.92,41547.36,1282.88455,41544.9,-0.0059209538223346245,C
41547.36,41669.0,41418.41,41565.86,937.0695900000001,41644.0,0.18799081746413865,C
41565.86,41633.39,41382.0,41430.0,1327.96761,41627.47,0.47663528843833247,C
41430.0,41513.6,41334.7,41379.13,1266.11873,41579.88,0.4851479477698057,C
41379.12,41545.82,41348.62,41510.69,1370.6236,41382.59,-0.30859520764411724,C
41510.7,41755.3,41385.46,41458.73,1279.3313,41478.68,0.04812014260928178,C
41458.73,41899.54,41326.17,41761.85,2100.85308,41606.03,-0.37311565459863416,C
41761.87,41854.81,41230.0,41283.81,1777.76781,41534.56,0.6073809563603747,C
41283.81,41686.28,40843.01,41583.93,2699.97121,41444.04,-0.3364039906762045,C
41583.94,41742.45,41505.79,41683.89,773.47937,41543.41,-0.33701269243344595,C
41683.89,41688.18,41487.04,41544.9,664.24227,41572.96,0.06754138293749093,C
41544.9,41696.5,41380.11,41644.0,774.54589,41451.37,-0.4625636346172255,C
41647.78,41771.85,41555.55,41627.47,618.95127,41612.33,-0.03637021418788944,C
41627.48,41757.35,41558.17,41579.88,490.23034,41640.0,0.14458916187348936,C
41579.89,41643.47,41349.81,41382.59,675.77084,41648.99,0.6437489775289595,C
41382.6,41526.22,41340.35,41478.68,495.10741,41578.68,0.24108771060216957,C
41478.67,41640.0,41475.85,41606.03,567.02825,41522.0,-0.20196591695963023,C
41606.04,41628.19,41462.73,41534.56,602.64639,41610.99,0.18401543196798112,C
41534.57,41556.01,41431.13,41444.04,399.475,41692.35,0.599145257074353,C
41444.03,41545.41,41305.29,41543.41,706.11945,41306.34,-0.570656092025202,C
41543.41,41587.44,41490.38,41572.96,364.03309,41519.49,-0.12861725506194693,C
41572.97,41580.04,41401.58,41451.37,478.02756,41640.85,0.4571139626989311,C
41451.37,41714.18,41405.92,41612.33,719.75161,41644.84,0.07812588240070854,C
41612.32,41660.63,41489.95,41640.0,629.8021200000001,41509.04,-0.31450528338136197,C
41640.0,41672.99,41579.98,41648.99,479.40829,41717.94,0.1655502330308715,C
41649.0,41700.01,41531.16,41578.68,484.01162,41569.99,-0.020900134395806524,C
41578.68,41627.63,41444.0,41522.0,437.08913,41649.98,0.30822214729541736,C
41522.0,41645.34,41487.82,41610.99,596.48693,41590.73,-0.048689060269882456,C
41610.99,41834.99,41479.28,41692.35,1375.97812,42380.87,1.651430058511943,C
41692.35,42168.0,41204.45,41306.34,3357.29142,41830.55,1.2690787903261496,C
41306.34,41600.0,41116.56,41519.49,2034.81916,42098.41,1.3943331192170365,C
41519.48,41698.08,41417.23,41640.85,876.97558,42332.99,1.662165877977994,C
41640.84,41747.4,41546.65,41644.84,748.35666,42818.99,2.819436933843428,D
41644.84,41674.43,41426.6,41509.04,612.59519,42815.74,3.1479889681862003,D
41509.04,41732.0,41487.99,41717.94,498.06208,42798.1,2.5891978367100488,D
41717.93,41748.03,41500.23,41569.99,669.83009,42749.36,2.837070684885906,D
41569.99,41720.85,41535.16,41649.98,434.66354,42723.92,2.5784886331277828,D
41649.98,41782.8,41536.86,41590.73,472.18573,42596.49,2.4182311779571903,D
41590.74,42656.0,41478.86,42380.87,4365.42262,42410.63,0.07022036121484708,C
42380.87,42500.0,41645.85,41830.55,2654.75283,42560.0,1.7438212024465303,C
41830.54,42266.27,41699.99,42098.41,2097.84745,42720.03,1.4765878331271782,C
42102.42,42695.0,42095.13,42332.99,2958.78056,42639.93,0.7250609985262141,C
42333.0,42944.2,42332.23,42818.99,2210.08648,42799.47,-0.04558724995614516,C
42819.0,42900.0,42700.0,42815.74,1650.32562,43411.15,1.390633444616404,C
42815.73,43000.0,42685.34,42798.1,2096.69625,43835.59,2.424149670195635,D
42798.09,42823.0,42653.33,42749.36,1085.72351,43797.71,2.452317414810417,D
42749.35,42768.33,42551.96,42723.92,1076.01009,44204.42,3.465271913251406,D
42723.91,42767.69,42522.08,42596.49,1204.2367,44065.25,3.448077529392685,D
42596.49,42636.46,42234.09,42410.63,1695.93013,44252.8,4.343651579804416,D
42410.62,42640.2,42350.0,42560.0,1150.42707,44131.88,3.6933270676691663,D
42559.99,42754.56,42559.99,42720.03,1725.40331,44085.24,3.1957140479536164,D
42720.03,42790.6,42490.02,42639.93,1257.33129,44068.99,3.3514595356981065,D
42639.92,42900.0,42611.77,42799.47,1272.08618,43839.99,2.4311516007090668,D
42799.47,43475.08,42766.06,43411.15,4505.33198,43850.0,1.0109153984632946,C
43411.16,43895.02,43105.0,43835.59,4320.62993,44042.35,0.4716715344768989,C
43835.59,44077.0,43484.91,43797.71,4092.4348,43954.99,0.3591055331431685,C
43797.7,44313.19,43601.0,44204.42,2315.73714,44178.57,-0.05847831506441788,C
44204.41,44500.5,43708.0,44065.25,3442.24216,44362.01,0.6734558410538963,C
44065.25,44495.02,43954.32,44252.8,2208.88557,44883.08,1.4242714585291751,C
44252.31,44438.93,43792.77,44131.88,2240.66458,44791.58,1.4948377454121702,C
44131.88,44248.71,43769.64,44085.24,1560.3792,44855.0,1.7460719279287173,C
44085.23,44180.29,43966.52,44068.99,832.12185,44004.51,-0.14631603764914042,C
44069.99,44190.58,43742.9,43839.99,1406.55538,43859.02,0.04340785661675296,C
43839.99,43992.53,43555.72,43850.0,2234.79248,43857.0,0.01596351197263398,C
43849.99,44077.77,43798.8,44042.35,1064.18637,43988.3,-0.12272278840705737,C
44042.34,44102.5,43888.55,43954.99,1129.66778,43458.92,-1.1285863106782636,C
43955.01,44185.0,43835.41,44178.57,1660.7720199999999,43624.95,-1.2531415118234988,C
44178.57,44363.34,44073.73,44362.01,1646.56491,43579.31,-1.7643474675741795,C
44362.02,45000.0,44234.54,44883.08,2746.06,43429.31,-3.23901568252447,B
44883.08,45492.0,44237.74,44791.58,5934.69128,43017.01,-3.961838363370972,B
44791.58,44927.83,44604.48,44855.0,2154.79837,42953.86,-4.2384126630253025,B
44855.0,44919.77,43750.0,44004.51,5353.49308,42978.55,-2.331488295177015,B
44004.51,44257.55,43520.96,43859.02,6638.10638,42998.65,-1.9616717382194024,C
43859.01,43938.45,43569.76,43857.0,3165.50946,44271.95,0.9461431470460749,C
43857.0,44066.02,43711.1,43988.3,1548.07687,44180.36,0.4366161001902726,C
43988.3,43988.31,43105.3,43458.92,3510.11939,44062.89,1.3897492160412666,C
43458.92,43632.37,43193.02,43624.95,3472.02736,44042.99,0.9582589779472548,C
43624.95,43856.28,43525.6,43579.31,1854.86741,44243.99,1.5252191923185574,C
43580.08,43585.85,42854.81,43429.31,3595.45402,43861.21,0.9944896660803534,C
43429.32,43685.2,42910.0,43017.01,2906.60182,43340.22,0.7513539411502546,C
43017.0,43204.03,42666.0,42953.86,3037.85262,43343.28,0.906600710622976,C
42953.87,43259.8,42850.01,42978.55,1403.83258,43453.49,1.1050628743873283,C
42978.56,43130.0,42700.0,42998.65,1746.88616,43584.93,1.3634846675418852,C
43000.53,44349.99,42938.36,44271.95,3828.79738,43700.01,-1.2918789436652216,C
44271.95,44393.36,43849.9,44180.36,2330.74281,43807.75,-0.8433838022143789,C
44180.0,44274.69,43865.22,44062.89,924.05397,43399.78,-1.5049171763359157,C
44062.89,44299.98,44013.56,44042.99,992.33935,43386.75,-1.4899987489496014,C
44043.0,44341.88,43958.7,44243.99,1535.22505,43614.04,-1.4238091998483797,C
44243.99,44247.54,43800.39,43861.21,1576.45026,43715.45,-0.3323209733612047,C
43861.22,43926.83,43117.92,43340.22,2187.32562,44141.56,1.8489523126555343,C
43340.23,43488.57,43252.76,43343.28,1023.3498,43938.87,1.3741230474481945,C
43343.28,43569.65,43313.98,43453.49,859.03162,44092.39,1.4703076783936146,C
43453.49,43749.0,43125.0,43584.93,1117.5723600000001,43867.63,0.6486186854034114,C
43584.93,43831.05,43533.73,43700.01,1294.6716900000001,44077.34,0.8634551799873604,C
43700.01,43918.52,43416.21,43807.75,1360.42784,44066.0,0.5895075643008372,C
43807.75,43939.0,43181.91,43399.78,1706.98263,44167.65,1.7692946830606116,C
43399.78,43662.06,43300.0,43386.75,992.64129,44463.43,2.481587120491856,D
43386.75,43737.61,43365.44,43614.04,1033.94399,44765.18,2.6393794291929833,D
43611.23,43824.35,43371.62,43715.45,1524.52784,44452.14,1.6851936786650998,C
43715.46,44349.23,43617.61,44141.56,2342.88799,44557.76,0.9428756029465302,C
44141.57,44471.4,43863.16,43938.87,2401.50828,44372.72,0.9873945324492835,C
43938.87,44265.41,43780.73,44092.39,1595.65862,44103.29,0.02472081917083981,C
44092.39,44197.97,43794.01,43867.63,1471.53927,44253.22,0.8789852563268264,C
43867.63,44148.11,43579.66,44077.34,1894.12606,43800.01,-0.6291895109822745,C
44077.34,44318.77,43977.69,44066.0,1099.18321,43775.42,-0.6594199609676433,C
44066.01,44175.0,43922.14,44167.65,749.0165,43783.82,-0.8690297083951755,C
44167.64,44700.0,44133.44,44463.43,2447.12966,43879.78,-1.3126517679810161,C
44466.23,44799.0,44342.03,44765.18,1424.13903,43874.66,-1.9893140159382732,C
44765.19,44799.0,44436.69,44452.14,950.56435,44092.42,-0.809229881845961,C
44452.14,44591.0,44189.0,44557.76,923.99087,44215.0,-0.7692487234546845,C
44557.75,44588.04,44200.0,44372.72,916.27346,44400.01,0.06150175152661562,C
44372.71,44400.0,44030.1,44103.29,1611.55153,44644.36,1.2268245747652833,C
44103.29,44261.25,44028.57,44253.22,1054.58247,44834.09,1.3126050488529317,C
44253.23,44360.0,43800.0,43800.01,1402.61623,44807.73,2.300730068326471,D
43800.0,43858.41,43542.14,43775.42,1288.67942,43642.98,-0.3025442131680177,C
43775.42,43911.57,43575.22,43783.82,942.91797,44356.08,1.307012499137814,C
43784.72,43906.3,43703.78,43879.78,584.94538,44947.1,2.432373179628521,D
43879.78,43997.18,43757.57,43874.66,998.48493,45382.86,3.4375195158207426,D
43874.67,44131.6,43856.46,44092.42,820.38215,45330.43,2.8077615154713715,D
44092.43,44299.45,44055.86,44215.0,1096.54043,45217.94,2.2683252289946902,D
44215.0,44499.0,44091.98,44400.01,1297.63381,44373.97,-0.058648635439498484,C
44400.0,44759.55,44361.36,44644.36,1853.01909,44102.4,-1.2139495336028987,C
44644.74,45177.96,44563.23,44834.09,3007.64984,43749.99,-2.418026104689531,B
44834.09,44989.79,44486.43,44807.73,2469.95558,43957.59,-1.8973065584889184,C
44807.73,45060.0,43630.01,43642.98,7767.0184,43495.44,-0.33806124146426497,C
43642.98,44368.63,43174.01,44356.08,5920.25871,43040.01,-2.967056601935968,B
44354.92,45669.71,44154.59,44947.1,8812.36337,43169.78,-3.9542484387201835,B
44947.12,45540.75,44846.59,45382.86,4524.7203500000005,43127.36,-4.969937989804961,B
45382.86,45821.0,45013.31,45330.43,3832.52997,43343.71,-4.382751277673742,B
45330.43,45400.0,44850.0,45217.94,2455.79227,43091.1,-4.703531385994151,B
45218.18,45254.95,44341.07,44373.97,2568.06418,42848.1,-3.438660097349871,B
44373.95,44601.14,43785.93,44102.4,3300.10206,43248.73,-1.9356542954578397,C
44102.41,44199.99,43700.0,43749.99,1740.89989,43359.25,-0.8931202041417563,C
43749.3,44079.45,43612.6,43957.59,1185.74044,43000.32,-2.1777126544016556,B
43957.58,44047.61,43333.42,43495.44,1820.84244,43492.64,-0.006437456432221194,C
43495.44,43559.45,42600.0,43040.01,4272.89598,43443.77,0.938103871258382,C
43040.01,43749.86,42937.85,43169.78,3215.34822,43357.53,0.4349107176362724,C
43169.78,43196.82,42817.93,43127.36,1146.79632,43570.77,1.0281408368144866,C
43127.36,43408.63,43088.07,43343.71,1475.88678,43765.14,0.9722979412699104,C
43342.92,43370.79,42918.12,43091.1,893.26039,43514.72,0.9830800327677934,C
43091.09,43091.58,42836.0,42848.1,1103.70359,43669.01,1.9158609133193851,C
42848.09,43281.46,42814.23,43248.73,947.21964,43577.92,0.7611552986642498,C
43248.74,43416.22,43170.35,43359.25,997.55444,43417.18,0.13360470949105507,C
43359.24,43555.92,42987.01,43000.32,1322.06234,42664.58,-0.7807848871822302,C
43000.32,43600.0,42851.0,43492.64,2103.26025,42742.63,-1.7244526890066965,C
43492.63,43569.67,43233.67,43443.77,1305.62692,42338.66,-2.5437709480553674,B
43443.78,43523.42,43320.0,43357.53,744.52418,42543.6,-1.8772517714915962,C
43357.53,43700.78,43253.31,43570.77,1317.54694,42155.01,-3.249334358791444,B
43570.77,43826.0,43503.01,43765.14,1564.2518,42373.73,-3.179265506748056,B
43765.15,43920.0,43284.4,43514.72,3110.59053,42311.0,-2.7662363448506646,B
43514.72,43810.97,43501.56,43669.01,1588.71243,42447.82,-2.7964682505969387,B
